Clues,Institución,Sigla de la Institución,Entidad,Municipio,Siglas del tipo de unidad,Tipo de Unidad,Unidad Médica,Cantidad de salas,Nivel de Atención,Observaciones,Latitud,Longitud,Direccion
DFSSA003973,Comisión Coordinadora de Institutos Nacionales de Salud y Hospitales de Alta Especialidad,CCINSHAE,Ciudad de México,Cuauhtémoc,HESP,Hospital Especializado,Hospital General de México Dr. Eduardo Liceaga,4,Tercer Nivel,No aplica,19.41387073,-99.15297951,"DR. BALMIS 148,  DOCTORES, CUAUHTEMOC, CIUDAD DE MEXICO, CP. 99999"
DFSSA003944,Comisión Coordinadora de Institutos Nacionales de Salud y Hospitales de Alta Especialidad,CCINSHAE,Ciudad de México,Gustavo A. Madero,HESP,Hospital Especializado,Hospital Juárez de México,1,Tercer Nivel,No aplica,19.482265,-99.136553,"CALLE INSTITUTO POLITECNICO NACIONAL 5160  ,  MAGDALENA DE LAS SALINAS, GUSTAVO A. MADERO, CIUDAD DE MEXICO, CP. 07760"
DFSSA004043,Comisión Coordinadora de Institutos Nacionales de Salud y Hospitales de Alta Especialidad,CCINSHAE,Ciudad de México,Tlalpan,HESP,Hospital Especializado,Instituto Nacional de Cancerología,1,Tercer Nivel,No aplica,19.28935472,-99.16051123,"AVENIDA SAN FERNANDO 22  , COLONIA SECCIÓN XVI, TLALPAN, CIUDAD DE MEXICO, CP. 14080"
DFSSA004031,Comisión Coordinadora de Institutos Nacionales de Salud y Hospitales de Alta Especialidad,CCINSHAE,Ciudad de México,Tlalpan,HESP,Hospital Especializado,Instituto Nacional de Cardiología Ignacio Chávez,4,Tercer Nivel,No aplica,19.291019,-99.153707,"CALLE JUAN BADIANO 1  , COLONIA SECCIÓN XVI, TLALPAN, CIUDAD DE MEXICO, CP. 14080"
DFSSA004055,Comisión Coordinadora de Institutos Nacionales de Salud y Hospitales de Alta Especialidad,CCINSHAE,Ciudad de México,Tlalpan,HESP,Hospital Especializado,Instituto Nacional de Ciencias Médicas y Nutrición Salvador Zubirán,2,Tercer Nivel,No aplica,19.2876757,-99.1571623,"AVENIDA VASCO DE QUIROGA 15  , COLONIA COLONIA BELISARIO DOMÍNGUEZ SECCIÓN XVI, TLALPAN, CIUDAD DE MEXICO, CP. 14080"
DFSSA004026,Comisión Coordinadora de Institutos Nacionales de Salud y Hospitales de Alta Especialidad,CCINSHAE,Ciudad de México,Tlalpan,HESP,Hospital Especializado,Instituto Nacional de Enfermedades Respiratorias Ismael Cosío Villegas,1,Tercer Nivel,No aplica,19.2924075,-99.1589973,"CALZADA TLALPAN 4502  , COLONIA SECCIÓN XVI, TLALPAN, CIUDAD DE MEXICO, CP. 14080"
DFSSA004060,Comisión Coordinadora de Institutos Nacionales de Salud y Hospitales de Alta Especialidad,CCINSHAE,Ciudad de México,Tlalpan,HESP,Hospital Especializado,Instituto Nacional de Neurología y Neurocirugía Manuel Velasco Suárez,2,Tercer Nivel,No aplica,19.29170532,-99.17533356,"CALLE INSURGENTES SUR 3877  , COLONIA LA FAMA, TLALPAN, CIUDAD DE MEXICO, CP. 14269"
DFSSA004014,Comisión Coordinadora de Institutos Nacionales de Salud y Hospitales de Alta Especialidad,CCINSHAE,Ciudad de México,Coyoacán,HESP,Hospital Especializado,Instituto Nacional de Pediatría,1,Tercer Nivel,No aplica,19.30675801,-99.18534496,"AVENIDA INSURGENTES SUR 3700 LETRA C  , COLONIA INSURGENTES CUICUILCO, COYOACAN, CIUDAD DE MEXICO, CP. 04530"
MCSME000921,Servicios Estatales de Salud,SESA,Estado de México,Metepec,HESP,Hospital Especializado,"Centro Médico ISSEMyM ""Lic. Arturo Montiel Rojas""",1,Tercer Nivel,No aplica,19.285464,-99.585755,"CALLE BAJA VELOCIDAD CARRETERA MÉXICO-TOLUCA KM. 57.5 PASEO TOLLOCAN 1519, COLONIA SAN JERÓNIMO CHICAHUALCO, METEPEC, MEXICO, CP. 52140"
DFIST000312,Instituto de Seguridad y Servicios Sociales de los Trabajadores del Estado,ISSSTE,Ciudad de México,Benito Juárez,CMN,Centro Médico Nacional,Centro Médico Nacional 20 de Noviembre,3,Tercer Nivel,Sólo 2 salas funcionales,19.3727207,-99.1711628,"AVENIDA FÉLIX CUEVAS S/N, COLONIA DEL VALLE SUR, BENITO JUÁREZ, CIUDAD DE MÉXICO, CP. 3104"
CSIST000514,Instituto de Seguridad y Servicios Sociales de los Trabajadores del Estado,ISSSTE,Chiapas,Palenque,CH,Clínica Hospital,Clínica Hospital Palenque,1,Segundo Nivel,"Con sala funcional, pero sin personal",17.53732428,-91.99212753,"CARRETERA PALENQUE- PAKAL-NÁ S/N, COLONIA PAKAL-NA, PALENQUE, CHIAPAS, CP. 29960"
HGIST000106,Instituto de Seguridad y Servicios Sociales de los Trabajadores del Estado,ISSSTE,Hidalgo,Pachuca de Soto,HG,Hospital General,Hospital General Columba Rivera Osorio,1,Segundo Nivel,No aplica,20.07326968,-98.776398,"CARRETERA MÉXICO PACHUCA KM. 86.5 S/N, COLONIA ISSSTE, PACHUCA DE SOTO, HIDALGO, CP. 42080"
CSIST000251,Instituto de Seguridad y Servicios Sociales de los Trabajadores del Estado,ISSSTE,Chiapas,Tuxtla Gutiérrez,HG,Hospital General,Hospital General Dr. Belisario Domínguez,1,Segundo Nivel,No aplica,16.7484664,-93.07516655,"CALLE LIBRAMIENTO NORTE ORIENTE 49-A S/N, COLONIA ISSSTE, TUXTLA GUTIÉRREZ, CHIAPAS, CP. 29060"
DGIST000042,Instituto de Seguridad y Servicios Sociales de los Trabajadores del Estado,ISSSTE,Durango,Durango,HG,Hospital General,Hospital General Dr. Santiago Ramon y Cajal,1,Segundo Nivel,No aplica,24.029236,-104.6816835,"CALLE VELINO M. PREZA S/N, COLONIA SILVESTRE DORADOR, DURANGO, DURANGO, CP. 34070"
BCIST000093,Instituto de Seguridad y Servicios Sociales de los Trabajadores del Estado,ISSSTE,Baja California,Tijuana,HG,Hospital General,Hospital General Fray Junípero Serra,1,Segundo Nivel,No aplica,32.508255,-116.984823,"AVENIDA LAS PALMAS S/N, FRACCIONAMIENTO LAS PALMAS, TIJUANA, BAJA CALIFORNIA, CP. 22440"
BSIST000330,Instituto de Seguridad y Servicios Sociales de los Trabajadores del Estado,ISSSTE,Baja California Sur,La Paz,HG,Hospital General,Hospital General La Paz,1,Segundo Nivel,No aplica,24.138213,-110.341179,"CALLE MAR CARIBE S/N, COLONIA EL CONCHALITO, LA PAZ, BAJA CALIFORNIA SUR, CP. 23090"
CHIST000030,Instituto de Seguridad y Servicios Sociales de los Trabajadores del Estado,ISSSTE,Chihuahua,Chihuahua,HG,Hospital General,Hospital General Presidente Lázaro Cárdenas,1,Segundo Nivel,No aplica,28.6600143,-106.096394,"AVENIDA AMERICAS S/N, COLONIA ANGEL TRIAS , CHIHUAHUA, CHIHUAHUA, CP. 31203"
QTIST000046,Instituto de Seguridad y Servicios Sociales de los Trabajadores del Estado,ISSSTE,Querétaro,Querétaro,HG,Hospital General,Hospital General Querétaro,1,Segundo Nivel,La Pantalla del Angiógrafo se Encuentra dañada,20.5931,-100.407,"AVENIDA TECNOLÓGICO S/N, COLONIA CENTRO, QUERÉTARO, QUERÉTARO, CP. 76000"
CLIST000333,Instituto de Seguridad y Servicios Sociales de los Trabajadores del Estado,ISSSTE,Coahuila,Saltillo,HG,Hospital General,Hospital General Saltillo,1,Segundo Nivel,No aplica,25.41055,-100.95964,"BOULEVARD CARLOS ABEDROP S/N, COLONIA CENTRO METROPOLITANO, SALTILLO, COAHUILA, CP. 25022"
SPIST000113,Instituto de Seguridad y Servicios Sociales de los Trabajadores del Estado,ISSSTE,San Luis Potosí,San Luis Potosí,HG,Hospital General,Hospital General San Luis Potosí,1,Segundo Nivel,No aplica,22.14041736,-100.9698838,"CALLE CARLOS DIEZ GUTIÉRREZ S/N, COLONIA JULIAN CARRILLO, SAN LUIS POTOSÍ, SAN LUIS POTOSÍ, CP. 78340"
DFIST000534,Instituto de Seguridad y Servicios Sociales de los Trabajadores del Estado,ISSSTE,Ciudad de México,Miguel Hidalgo,HG,Hospital General,Hospital General Tacuba,1,Segundo Nivel,No aplica,19.4537917,-99.1909503,"CALLE LAGO ONTARIO S/N, COLONIA TACUBA, MIGUEL HIDALGO, CIUDAD DE MÉXICO, CP. 11410"
GRIST000520,Instituto de Seguridad y Servicios Sociales de los Trabajadores del Estado,ISSSTE,Guerrero,Acapulco de Juárez,HR,Hospital Regional,Hospital Regional Acapulco,1,Tercer Nivel,"Con sala funcional, pero sin personal",16.85263723,-99.85191629,"AVENIDA COMANDANTE BOUGANVILLE S/N, FRACCIONAMIENTO COSTA AZUL, ACAPULCO DE JUÁREZ, GUERRERO, CP. 39850"
MCIST000425,Instituto de Seguridad y Servicios Sociales de los Trabajadores del Estado,ISSSTE,Estado de México,Tultitlán,HR,Hospital Regional,Hospital Regional Bicentenario de la Independencia,1,Tercer Nivel,Funcionalidad Intermitente por Fallas en el Aire Acondicionado,19.6290116,-99.163345,"CALLE CIRUELOS S/N, ZONA INDUSTRIAL LÁZARO CÁRDENAS, TULTITLÁN, MÉXICO, CP. 54916"
MSIST000293,Instituto de Seguridad y Servicios Sociales de los Trabajadores del Estado,ISSSTE,Morelos,Emiliano Zapata,HR,Hospital Regional,Hospital Regional Centenario de la Revolución Mexicana,1,Tercer Nivel,No aplica,18.8476548,-99.1975378,"AVENIDA UNIVERSIDAD S/N, COLONIA PALO ESCRITO, EMILIANO ZAPATA, MORELOS, CP. 62760"
YNIST000030,Instituto de Seguridad y Servicios Sociales de los Trabajadores del Estado,ISSSTE,Yucatán,Mérida,HR,Hospital Regional,Hospital Regional de Mérida Elvia Carrillo Puerto,1,Tercer Nivel,No aplica,20.9956642,-89.6401182,"CALLE 7 S/N, COLONIA PENSIONES, MÉRIDA, YUCATÁN, CP. 97219"
SLIST000085,Instituto de Seguridad y Servicios Sociales de los Trabajadores del Estado,ISSSTE,Sinaloa,Culiacán,HR,Hospital Regional,Hospital Regional Dr. Manuel Cárdenas de la Vega,1,Tercer Nivel,No aplica,24.7959292,-107.3764675,"CALZADA HEROICO COLEGIO MILITAR SUR S/N, COLONIA COL. 5 DE MAYO, CULIACÁN, SINALOA, CP. 80090"
DFIST000160,Instituto de Seguridad y Servicios Sociales de los Trabajadores del Estado,ISSSTE,Ciudad de México,Iztapalapa,HR,Hospital Regional,Hospital Regional Gral. Ignacio Zaragoza,2,Tercer Nivel,No aplica,19.3893346,-99.044786,"CALZADA GRAL. IGNACIO ZARAGOZA S/N, COLONIA EJÉRCITO CONSTITUCIONALISTA, IZTAPALAPA, CIUDAD DE MÉXICO, CP. 9220"
GTIST000091,Instituto de Seguridad y Servicios Sociales de los Trabajadores del Estado,ISSSTE,Guanajuato,León,HR,Hospital Regional,Hospital Regional León,1,Tercer Nivel,No aplica,21.0983262,-101.6499623,"AVENIDA PRADERA S/N, COLONIA AZTECA, LEÓN, GUANAJUATO, CP. 37520"
DFIST000201,Instituto de Seguridad y Servicios Sociales de los Trabajadores del Estado,ISSSTE,Ciudad de México,Álvaro Obregón,HR,Hospital Regional,Hospital Regional Lic. Adolfo López Mateos,2,Tercer Nivel,No aplica,19.3587749,-99.1726649,"AVENIDA UNIVERSIDAD S/N, COLONIA FLORIDA, ÁLVARO OBREGÓN, CIUDAD DE MÉXICO, CP. 1030"
NLIST000105,Instituto de Seguridad y Servicios Sociales de los Trabajadores del Estado,ISSSTE,Nuevo León,Monterrey,HR,Hospital Regional,Hospital Regional Monterrey,2,Tercer Nivel,No aplica,25.7090897,-100.3593975,"CALLE ADOLFO LÓPEZ MATEOS S/N, COLONIA BUROCRATAS FEDERALES, MONTERREY, NUEVO LEÓN, CP. 64380"
MNIST000120,Instituto de Seguridad y Servicios Sociales de los Trabajadores del Estado,ISSSTE,Michoacán,Morelia,HR,Hospital Regional,Hospital Regional Morelia,1,Segundo Nivel,Funcionalidad Intermitente,19.73443813,-101.1044288,"CARRETERA MORELIA A CHARO KM 6 S/N, PUEBLO ATAPANEO, MORELIA, MICHOACÁN, CP. 58300"
OCIST000112,Instituto de Seguridad y Servicios Sociales de los Trabajadores del Estado,ISSSTE,Oaxaca,Oaxaca de Juárez,HR,Hospital Regional,Hospital Regional Presidente Benito Juárez,1,Tercer Nivel,"Con sala funcional, pero sin personal",17.08421191,-96.72283264,"CALLE DR. GERARDO VARELA S/N, COLONIA CERRO DEL CRESTON, OAXACA DE JUÁREZ, OAXACA, CP. 68040"
DFIST000090,Instituto de Seguridad y Servicios Sociales de los Trabajadores del Estado,ISSSTE,Ciudad de México,Gustavo A. Madero,HR,Hospital Regional,Hospital Regional Primero de Octubre,2,Tercer Nivel,No aplica,19.486615,-99.1332453,"AVENIDA INSTITUTO POLITÉCNICO NACIONAL S/N, COLONIA MAGDALENA DE LAS SALINAS, GUSTAVO A. MADERO, CIUDAD DE MÉXICO, CP. 7760"
PLIST000101,Instituto de Seguridad y Servicios Sociales de los Trabajadores del Estado,ISSSTE,Puebla,Puebla,HR,Hospital Regional,Hospital Regional Puebla,1,Tercer Nivel,No aplica,19.0206177,-98.198533,"BOULEVARD 14 SUR S/N, COLONIA JARDINES DE SAN MANUEL, PUEBLA, PUEBLA, CP. 72570"
JCIST000955,Instituto de Seguridad y Servicios Sociales de los Trabajadores del Estado,ISSSTE,Jalisco,Tlajomulco de Zúñiga,HR,Hospital Regional,Hospital Regional Tlajomulco,1,Tercer Nivel,No aplica,20.46221905,-103.4344292,"CALLE CERRO DEL PATOMO S/N, COLONIA CENTRO, TLAJOMULCO DE ZÚÑIGA, JALISCO, CP. 45640"
CLIST000350,Instituto de Seguridad y Servicios Sociales de los Trabajadores del Estado,ISSSTE,Coahuila,Torreón,HR,Hospital Regional,Hospital Regional Torreón,1,Tercer Nivel,No aplica,25.53030966,-103.3238249,"CALLE ROTARISMO INTERNACIONAL S/N, EJIDO EL ÁGUILA, TORREÓN, COAHUILA, CP. 27400"
PENDIENTE,Instituto de Seguridad y Servicios Sociales de los Trabajadores del Estado,ISSSTE,Jalisco,Zapopan,HR,Hospital Regional,Hospital Regional Valentín Gómez Farías,1,Tercer Nivel,No aplica,20.7186359,-103.3873164,"AVENIDA SOLEDAD OROZCO 203, COLONIA EL CAPULLO, ZAPOPAN, JALISCO, CP. 45100"
VZIST000301,Instituto de Seguridad y Servicios Sociales de los Trabajadores del Estado,ISSSTE,Veracruz,Veracruz,HR,Hospital Regional,Hospital Regional Veracruz,1,Tercer Nivel,No aplica,19.17205856,-96.1350174,"AVENIDA DÍAZ MIRÓN ESQUINA SAYULA S/N, FRACCIONAMIENTO MODERNO, VERACRUZ, VERACRUZ, CP. 91918"
DFIMS000575,Instituto Mexicano del Seguro Social,IMSS,Ciudad de México,Cuauhtémoc,HCARD,Hospital de Cardiología,"Hospital de Cardiología del ""CMN Siglo XXI""",4,Tercer Nivel,No aplica,19.40962963,-99.15164972,"AVENIDA CUAUHTÉMOC 330, COLONIA DOCTORES, CUAUHTEMOC, CIUDAD DE MEXICO, CP. 06720"
NLIMS000315,Instituto Mexicano del Seguro Social,IMSS,Nuevo León,Monterrey,HCARD,Hospital de Cardiología,"Hospital de Cardiología No. 34 ""Monterrey""",1,Tercer Nivel,No aplica,25.72858173,-100.3693983,"AVENIDA ABRAHAM LINCOLN SIN NUMERO, COLONIA VALLE VERDE 2DO SECTOR, MONTERREY, NUEVO LEON, CP. 64360"
DFIMS000020,Instituto Mexicano del Seguro Social,IMSS,Ciudad de México,Azcapotzalco,HES,Hospital de Especialidades,"Hospital de Especialidades del ""CMN La Raza""",3,Tercer Nivel,No aplica,19.4662,-99.1442,"CALLE SERIS SIN NUMERO, COLONIA LA RAZA, AZCAPOTZALCO, CIUDAD DE MEXICO, CP. 02990"
YNIMS000071,Instituto Mexicano del Seguro Social,IMSS,Yucatán,Mérida,HES,Hospital de Especialidades,"Hospital de Especialidades del ""CMN Mérida""",1,Tercer Nivel,No aplica,19.1994041,-96.1559521,"CALLE 41 X 34  EX TERRENOS EL FÉNIX 439, COLONIA INDUSTRIAL, MERIDA, YUCATAN, CP. 97150"
JCIMS000301,Instituto Mexicano del Seguro Social,IMSS,Jalisco,Guadalajara,HES,Hospital de Especialidades,"Hospital de Especialidades del ""CMN Occidente""",1,Tercer Nivel,No aplica,20.6861939,-103.3273887,"CALLE BELISARIO DOMÍNGUEZ 1000, FRACCIONAMIENTO INDEPENDENCIA ORIENTE, GUADALAJARA, JALISCO, CP. 44340"
PLIMS000200,Instituto Mexicano del Seguro Social,IMSS,Puebla,Puebla,HES,Hospital de Especialidades,"Hospital de Especialidades del ""CMN Puebla""",1,Tercer Nivel,No aplica,19.0512472,-98.1923175,"CALLE 2 NORTE 2004, COLONIA CENTRO, PUEBLA, PUEBLA, CP. 72000"
GTIMS000226,Instituto Mexicano del Seguro Social,IMSS,Guanajuato,León,HES,Hospital de Especialidades,"Hospital de Especialidades No. 1 del ""CMN del Bajío""",1,Tercer Nivel,No aplica,21.1398081,-101.6870355,"BOULEVARD ADOLFO LÓPEZ MATEOS SIN NUMERO, COLONIA LOS PARAÍSOS, LEON, GUANAJUATO, CP. 37328"
VZIMS001112,Instituto Mexicano del Seguro Social,IMSS,Veracruz,Veracruz,HES,Hospital de Especialidades,"Hospital de Especialidades No. 14 ""Veracruz""",1,Tercer Nivel,No aplica,19.1994,-96.15595,"AVENIDA CUAHUTEMOC SIN NUMERO, COLONIA FORMANDO HOGAR, VERACRUZ, VERACRUZ DE IGNACIO DE LA LLAVE, CP. 91810"
SRIMS000150,Instituto Mexicano del Seguro Social,IMSS,Sonora,Cajame,HES,Hospital de Especialidades,"Hospital de Especialidades No. 2 ""CMN Obregón""",1,Tercer Nivel,No aplica,27.49627105,-109.9632225,"CALLE DEL SEGURO SIN NUMERO, UNIDAD HABITACIONAL MULTIFAMILIARES IMSS, CAJEME, SONORA, CP. 85120"
NLIMS000303,Instituto Mexicano del Seguro Social,IMSS,Nuevo León,Monterrey,HES,Hospital de Especialidades,"Hospital de Especialidades No. 25 ""Monterrey""",1,Tercer Nivel,No aplica,25.71611475,-100.3504889,"EJE VIAL METROPOLITANO 36 SIN NUMERO, COLONIA VALLE DE LAS MITRAS, MONTERREY, NUEVO LEON, CP. 64300"
CLIMS000490,Instituto Mexicano del Seguro Social,IMSS,Coahuila,Torreón,HES,Hospital de Especialidades,"Hospital de Especialidades No. 71 ""Torreón""",1,Tercer Nivel,No aplica,25.53533776,-103.4200032,"BOULEVARD REVOLUCIÓN SIN NUMERO, COLONIA TORREÓN JARDÍN, TORREON, COAHUILA DE ZARAGOZA, CP. 27200"
OCIMS000136,Instituto Mexicano del Seguro Social,IMSS,Oaxaca,Oaxaca de Juárez,HGZ-UMAA,Hospital General de Zona - Unidad Médica de Atención Ambulatoria,"Hospital General de Zona - Unidad Médica de Atención Ambulatoria No. 1 ""Oaxaca""",1,Segundo Nivel,No aplica,17.07228,-96.72121,"CALZADA HEROES DE CHAPULTEPEC 621, COLONIA OAXACA CENTRO, OAXACA DE JUAREZ, OAXACA, CP. 68000"
BSIMS000113,Instituto Mexicano del Seguro Social,IMSS,Baja California Sur,La Paz,HGZMF,Hospital General de Zona con Medicina Familiar,"Hospital General de Zona con Medicina Familiar No. 1 ""La Paz""",1,Segundo Nivel,No aplica,24.14504577,-110.3190222,"BOULEVARD 5 DE FEBRERO SIN NUMERO, COLONIA PUEBLO NUEVO, LA PAZ, BAJA CALIFORNIA SUR, CP. 23060"
HGIMS000082,Instituto Mexicano del Seguro Social,IMSS,Hidalgo,Pachuca de Soto,HGZMF,Hospital General de Zona con Medicina Familiar,"Hospital General de Zona con Medicina Familiar No. 1 ""Pachuca""",1,Segundo Nivel,No aplica,20.11492845,-98.72354855,"AVENIDA FRANCISCO I MADERO 407, COLONIA NUEVA FRANCISCO I MADERO, PACHUCA DE SOTO, HIDALGO, CP. 42070"
GTIMS000185,Instituto Mexicano del Seguro Social,IMSS,Guanajuato,Irapuato,HGZMF,Hospital General de Zona con Medicina Familiar,"Hospital General de Zona con Medicina Familiar No. 2 ""Irapuato""",1,Segundo Nivel,No aplica,20.6679,-101.3758,"AVENIDA DE LA REFORMA 307, COLONIA GÁMEZ, IRAPUATO, GUANAJUATO, CP. 36650"
SLIMS000341,Instituto Mexicano del Seguro Social,IMSS,Sinaloa,Mazatlán,HGZMF,Hospital General de Zona con Medicina Familiar,"Hospital General de Zona con Medicina Familiar No. 3 ""Mazatlán""",1,Segundo Nivel,No aplica,23.23339,-106.42381,"AVENIDA EJÉRCITO MEXICANO SIN NUMERO, COLONIA ADOLFO LÓPEZ MATEOS, MAZATLAN, SINALOA, CP. 82149"
CCIMS000045,Instituto Mexicano del Seguro Social,IMSS,Campeche,Cármen,HGZMF,Hospital General de Zona con Medicina Familiar,"Hospital General de Zona con Medicina Familiar No. 4 ""Ciudad del Carmen""",1,Segundo Nivel,Dato por Comprobar,18.64313,-91.84008,"CALLE 41 ""B"" SIN NUMERO, COLONIA CIUDAD DEL CARMEN DEL CENTRO, CARMEN, CAMPECHE, CP. 24100"
DFIMS000534,Instituto Mexicano del Seguro Social,IMSS,Ciudad de México,Benito Juárez,HGR,Hospital General Regional,"Hospital General Regional No. 1 ""Dr. Carlos MacGregor Sánchez Navarro""",2,Segundo Nivel,No aplica,19.39540282,-99.1609164,"CALLE GABRIEL MANCERA 222, COLONIA DEL VALLE, BENITO JUAREZ, CIUDAD DE MEXICO, CP. 03100"
DGIMS000042,Instituto Mexicano del Seguro Social,IMSS,Durango,Durango,HGZ,Hospital General de Zona,"Hospital General de Zona No. 1 ""Durango""",1,Segundo Nivel,No aplica,24.0288,-104.6821,"AVENIDA NORMAL 200, COLONIA SILVESTRE DORADOR, DURANGO, DURANGO, CP. 34070"
NTIMS000190,Instituto Mexicano del Seguro Social,IMSS,Nayarit,Tepic,HGZ,Hospital General de Zona,"Hospital General de Zona No. 1 ""Tepic""",1,Segundo Nivel,No aplica,21.51407747,-104.9102566,"AVENIDA INSURGENTES PTE 727, COLONIA VILLAS DE SAN ÁNGEL, TEPIC, NAYARIT, CP. 63120"
CMIMS000186,Instituto Mexicano del Seguro Social,IMSS,Colima,Villa de Álvarez,HGZ,Hospital General de Zona,"Hospital General de Zona No. 1 ""Villa de Álvarez""",1,Segundo Nivel,No aplica,19.26978,-103.75988,"AVENIDA LAPISLÁZULI 250, FRACCIONAMIENTO EL HAYA, VILLA DE ALVAREZ, COLIMA, CP. 28983"
ASIMS000161,Instituto Mexicano del Seguro Social,IMSS,Aguascalientes,Jesús María,HGZ,Hospital General de Zona,"Hospital General de Zona No. 3 ""Jesús María""",1,Segundo Nivel,No aplica,21.95702898,-102.3081576,"PROLONGACIÓN GRAL. IGNACIO ZARAGOZA 905, EJIDO JESÚS MARÍA, JESUS MARIA, AGUASCALIENTES, CP. 20908"
BCIMS000110,Instituto Mexicano del Seguro Social,IMSS,Baja California,Mexicali,HGZ,Hospital General de Zona,"Hospital General de Zona No. 30 ""Mexicali""",1,Segundo Nivel,No aplica,32.66208,-115.46801,"AVENIDA LERDO 1500, COLONIA NUEVA, MEXICALI, BAJA CALIFORNIA, CP. 21100"
TCIMS000121,Instituto Mexicano del Seguro Social,IMSS,Tabasco,Centro,HGZ,Hospital General de Zona,"Hospital General de Zona No. 46 ""Villahermosa""",1,Segundo Nivel,No aplica,18.0139239,-92.9158088,"AVENIDA UNIVERSIDAD SIN NUMERO, COLONIA CASA BLANCA, CENTRO, TABASCO, CP. 86060"
SPIMS000376,Instituto Mexicano del Seguro Social,IMSS,San Luis Potosí,San Luis Potosí,HGZ,Hospital General de Zona,"Hospital General de Zona No. 50 ""Tangamanga""",1,Segundo Nivel,No aplica,22.13431,-100.9223,"AVENIDA TANNGAMANGA 205, COLONIA RICARDO B ANAYA, SAN LUIS POTOSI, SAN LUIS POTOSI, CP. 78390"
VZIMS000564,Instituto Mexicano del Seguro Social,IMSS,Veracruz,Xalapa,HGZ,Hospital General de Zona,"Hospital General de Zona No.11 ""Xalapa""",1,Segundo Nivel,No aplica,19.5222,-96.92036,"CALLE LOMAS DEL ESTADIO SIN NUMERO, COLONIA JALAPA ENRÍQUEZ CENTRO, XALAPA, VERACRUZ DE IGNACIO DE LA LLAVE, CP. 91000"
DFIMS000061,Instituto Mexicano del Seguro Social,IMSS,Ciudad de México,Azcapotzalco,HG,Hospital General,"Hospital General del ""CMN La Raza""",1,Segundo Nivel,No aplica,19.486,-99.182,"CIRCUITO INTEROR PASEO DE LAS JACARANDAS SIN NUMERO, COLONIA LA RAZA, AZCAPOTZALCO, CIUDAD DE MEXICO, CP. 02990"
VZIMS000733,Instituto Mexicano del Seguro Social,IMSS,Veracruz,Orizaba,HGR,Hospital General Regional,"Hospital General Regional ""Orizaba""",1,Segundo Nivel,No aplica,18.84974,-97.0847,"AVENIDA ORIENTE 6 SIN NUMERO, COLONIA ORIZABA CENTRO, ORIZABA, VERACRUZ DE IGNACIO DE LA LLAVE, CP. 94300"
CSIMS000391,Instituto Mexicano del Seguro Social,IMSS,Chiapas,Tuxtla Gutiérrez,HGRE,Hospital General Regional con Especialidades,"Hospital General Regional con Especialidades No. 13 ""XVI Septiembre""",1,Segundo Nivel,No aplica,16.78373,-93.17297,"CARRETERA CHICOASEN SN, COLONIA PLAN DE AYALA, TUXTLA GUTIERREZ, CHIAPAS, CP. 29020"
MSIMS000054,Instituto Mexicano del Seguro Social,IMSS,Morelos,Cuernavaca,HGRMF,Hospital General Regional con Medicina Familiar,"Hospital General Regional con Medicina Familiar No. 1 ""Cuernavaca""",1,Segundo Nivel,No aplica,18.9223557,-99.2054656,"AVENIDA PLAN DE AYALA 201, COLONIA RICARDO FLORES MAGÓN, CUERNAVACA, MORELOS, CP. 62450"
MNIMS000605,Instituto Mexicano del Seguro Social,IMSS,Michoacán,Charo,HGR,Hospital General Regional,"Hospital General Regional No. 1 ""Charo""",1,Segundo Nivel,No aplica,19.72491525,-101.0929868,"AVENIDA BOSQUES DE LOS OLIVOS 101, PUEBLO LA GOLETA, CHARO, MICHOACAN DE OCAMPO, CP. 61303"
CHIMS000136,Instituto Mexicano del Seguro Social,IMSS,Chihuahua,Chihuahua,HGR,Hospital General Regional,"Hospital General Regional No. 1 ""Chihuahua""",1,Segundo Nivel,No aplica,28.6437,-106.07881,"AVENIDA UNIVERSIDAD SIN NUMERO, COLONIA CHIHUAHUA CENTRO, CHIHUAHUA, CHIHUAHUA, CP. 31000"
SLIMS000131,Instituto Mexicano del Seguro Social,IMSS,Sinaloa,Culiacán,HGR,Hospital General Regional,"Hospital General Regional No. 1 ""Culiacán""",1,Segundo Nivel,No aplica,24.79738497,-107.3901023,"BOULEVARD FRANCISCO ZARZO SIN NUMERO, COLONIA MIGUEL ALEMÁN, CULIACAN, SINALOA, CP. 80200"
BCIMS000373,Instituto Mexicano del Seguro Social,IMSS,Baja California,Tijuana,HGR,Hospital General Regional,"Hospital General Regional No. 1 ""Tijuana""",1,Segundo Nivel,No aplica,32.477086,-116.926816,"CALLE CANADÁ 16801, COLONIA RIO TIJUANA 3ERA ETAPA, TIJUANA, BAJA CALIFORNIA, CP. 22226"
GRIMS000013,Instituto Mexicano del Seguro Social,IMSS,Guerrero,Acapulco de Juárez,HGR,Hospital General Regional,"Hospital General Regional No. 1 ""Vicente Guerrero""",1,Segundo Nivel,No aplica,16.87335,-99.89076,"AVENIDA ADOLFO RUIZ CORTINES SIN NUMERO, COLONIA ALTA PROGRESO, ACAPULCO DE JUAREZ, GUERRERO, CP. 39610"
QRIMS000142,Instituto Mexicano del Seguro Social,IMSS,Quintana Roo,Benito Juárez,HGR,Hospital General Regional,"Hospital General Regional No. 17 ""Cancún""",1,Segundo Nivel,No aplica,21.13648,-86.8552,"AVENIDA POLITÉCNICO NACIONAL MZ. 1 LOTE 1, COLONIA REGIÓN 506, BENITO JUAREZ, QUINTANA ROO, CP. 77533"
CHIMS000626,Instituto Mexicano del Seguro Social,IMSS,Chihuahua,,HGR,Hospital General Regional,"Hospital General Regional No. 2 ""Ciudad Juárez""",1,Segundo Nivel,No aplica,31.73199,-106.40273,"AVENIDA VICENTE GUERRERO 8560, COLONIA LAS QUINTAS, CIUDAD JUÁREZ, CHIHUAHUA, CP. 32424"
QTIMS000285,Instituto Mexicano del Seguro Social,IMSS,Querétaro,El Marqués,HGR,Hospital General Regional,"Hospital General Regional No. 2 ""El Marqués""",1,Segundo Nivel,No aplica,20.6461738,-100.3346625,"CIRCUITO UNIVERSIDADES 2DA ETAPA KM 1 SIN NUMERO, FRACCIONAMIENTO LA PRADERA, EL MARQUES, QUERETARO, CP. 76269"
MCIMS001185,Instituto Mexicano del Seguro Social,IMSS,Estado de México,Metepec,HGR,Hospital General Regional,"Hospital General Regional No. 251 ""Metepec""",1,Segundo Nivel,No aplica,19.24665723,-99.57690678,"AVENIDA CODAGEM 501, COLONIA MAYORAZGO, METEPEC, MEXICO, CP. 52140"
JCIMS000371,Instituto Mexicano del Seguro Social,IMSS,Jalisco,Guadalajara,HGR,Hospital General Regional,"Hospital General Regional No. 46 ""Guadalajara""",1,Segundo Nivel,No aplica,20.6475,-103.3622,"AVENIDA LÁZARO CÁRDENAS 1060, COLONIA 8 DE JULIO, GUADALAJARA, JALISCO, CP. 44910"
DFSDN000086,Secretaría de la Defensa Nacional,SEDENA,Ciudad de México,Miguel Hidalgo,HC,Hospital Central,Hospital Central Militar,1,Tercer Nivel,No aplica,19.43767,-99.21533,"AVENIDA EJÉRCITO NACIONAL S/N, COLONIA LOMAS DE SOTELO, MIGUEL HIDALGO, CIUDAD DE MEXICO, CP. 11200"
DFSMA000046,Secretaría de Marina,SEMAR,Ciudad de México,Coyoacán,HC,Hospital Central,Centro Médico Naval,1,Tercer Nivel,No aplica,19.3238,-99.12522,"EJE VIAL 2 ORIENTE TRAMO HEROICA ESCUELA NAVAL MILITAR 745, COLONIA PRESIDENTES EJIDALES 1ERA. SECCIÓN, COYOACAN, CIUDAD DE MEXICO, CP. 04470"
JCSSA002195,Secretaria de Salud,SSA,Jalisco,Guadalajara,HCVL,Hospital Civil,Antiguo Hospital Civil de Guadalajara Fray Antonio Alcalde,1,Tercer Nivel,No aplica,20.715989,-103.3546516,"CALLE HOSPITAL 278, COLONIA EL RETIRO, GUADALAJARA, JALISCO, CP. 44280"
DGSSA017872,Secretaria de Salud,SSA,Durango,Durango,HG,Hospital General,Hospital General 450,1,Segundo Nivel,No aplica,24.0554637,-104.6411711,"BOULEVARD JOSE MARIA PATONI 403  , COLONIA EL CIPRES, DURANGO, DURANGO, CP. 34217"
DFIMB000842,Servicios de Salud del Instituto Mexicano del Seguro Social para el Bienestar,IMSS-Bienestar,Ciudad de México,Iztapalapa,HG,Hospital General,Hospital General de Iztapalapa,1,Segundo Nivel,No aplica,19.34400254,-99.02738212,"CALZADA ERMITA IZTAPALAPA 3018, COLONIA CITLALI, IZTAPALAPA, CIUDAD DE MEXICO, CP. 09660"
QTSSA002901,Secretaria de Salud,SSA,Querétaro,Querétaro,HG,Hospital General,Hospital General de Querétaro,1,Segundo Nivel,No aplica,20.57496157,-100.4164967,"CALLE JOSE ANTONIO GARCIA JIMENO 1000, COLONIA JARDINES DE LA HACIENDA, QUERETARO, QUERETARO, CP. 76180"
GTSSA005683,Secretaria de Salud,SSA,Guanajuato,León,HG,Hospital General,Hospital General León,1,Segundo Nivel,No aplica,21.06002,-101.56666,"BOULEVARD MILENIO 1002, COLONIA FRACCIONES DE LOS AGUIRRE, LEÓN, GUANAJUATO, CP. 37672"
CLSSA002862,Secretaria de Salud,SSA,Coahuila,Torreón,HG,Hospital General,Hospital General Torreón ,1,Segundo Nivel,No aplica,25.551891,-103.439128,"CALZADA DR. JOSÉ MARÍA RODRÍGUEZ 9000, EJIDO EL AGUILA, TORREÓN, COAHUILA, CP. 27060"
MCIMB012283,Servicios de Salud del Instituto Mexicano del Seguro Social para el Bienestar,IMSS-Bienestar,Estado de México,Zumpango,HRAE,Hospital Regional de Alta Especialidad,Hospital Regional de Alta Especialidad de Zumpango,1,Tercer Nivel,No aplica,19.81539366,-99.08916452,"CARRETERA ZUMPANGO JILOTZINGO 400, BARRIO SANTIAGO SEGUNDA SECCIÓN, ZUMPANGO, MEXICO, CP. 55615"
JCSSA002224,Secretaria de Salud,SSA,Jalisco,Guadalajara,HCVL,Hospital Civil,Nuevo Hospital Civil de Guadalajara Dr. Juan I. Menchaca,1,Segundo Nivel,No aplica,20.686965,-103.3340768,"CALLE SALVADOR QUEVEDO Y ZUBIETA 750, COLONIA INDEPENDENCIA  ORIENTE, GUADALAJARA, JALISCO, CP. 44340"
DFPMX000024,Servicios de Salud de Petróleos Mexicanos,PEMEX,Ciudad de México,Tlalpan,HC,Hospital Central,Hospital Central Sur de Alta Especialidad,1,Tercer Nivel,No aplica,19.30855,-99.21889,"AVENIDA PERIFERICO SUR 4091, COLONIA FUENTES DEL PEDREGAL, TLALPAN, CIUDAD DE MEXICO, CP. 14140"
MCSSA018786,Servicios de Salud del Instituto Mexicano del Seguro Social para el Bienestar,IMSS-Bienestar,Estado de México,Ixtapaluca,HRAE,Hospital Regional de Alta Especialidad,Hospital Regional de Alta Especialidad de Ixtapaluca,1,Tercer Nivel,No aplica,19.31894973,-98.85525789,"CARRETERA FEDERAL MÉXICO-PUEBLA KM. 34.5  , COLONIA IXTAPALUCA, IXTAPALUCA, MEXICO, CP. 56530"
OCSSA007483,Servicios de Salud del Instituto Mexicano del Seguro Social para el Bienestar,IMSS-Bienestar,Oaxaca,San Bartolo Coyotepec,HRAE,Hospital Regional de Alta Especialidad,Hospital Regional de Alta Especialidad de Oaxaca,1,Tercer Nivel,No aplica,16.94872367,-96.7140362,"CALLE ALDAMA SIN NÚMERO, COLONIA OTRA NO ESPECÍFICADA EN EL CATALOGO, SAN BARTOLO COYOTEPEC, OAXACA, CP. 71294"
MCIMB009145,Servicios de Salud del Instituto Mexicano del Seguro Social para el Bienestar,IMSS-Bienestar,Estado de México,Toluca,CM,Centro Médico,"Centro Médico ""Lic. Adolfo López Mateos""",1,Tercer Nivel,No aplica,19.32007792,-99.63337208,"AVENIDA DR. NICOLAS SAN JUAN  SIN NÚMERO, COLONIA LA MAGDALENA, TOLUCA, MEXICO, CP. 50010"
SPIMB002574,Servicios de Salud del Instituto Mexicano del Seguro Social para el Bienestar,IMSS-Bienestar,San Luis Potosí,San Luis Potosí,HC,Hospital Central,"Hospital Central ""Dr. Ignacio Morones Prieto""",1,Tercer Nivel,No aplica,22.147998,-101.014679,"CALLE VENUSTIANO CARRANZA 2395 BIS, COLONIA UNVERSITARIA, SAN LUIS POTOSI, SAN LUIS POTOSI, CP. 78290"
VZIMB002330,Servicios de Salud del Instituto Mexicano del Seguro Social para el Bienestar,IMSS-Bienestar,Veracruz,Xalapa,HAE,Hospital de Alta Especialidad,"Hospital de Alta Especialidad ""Dr. Rafael Lucio""",1,Tercer Nivel,No aplica,19.18562,-96.1321,"AVENIDA ADOLFO RUIZ CORTINES 2903, COLONIA UNIDAD MAGISTERIAL, XALAPA, VERACRUZ DE IGNACIO DE LA LLAVE, CP. 91020"
VZIMB005533,Servicios de Salud del Instituto Mexicano del Seguro Social para el Bienestar,IMSS-Bienestar,Veracruz,Veracruz,HAE,Hospital de Alta Especialidad,Hospital de Alta Especialidad de Veracruz,1,Tercer Nivel,No aplica,19.18562,-96.1321,"AVENIDA 20 DE NOVIEMBRE 1074, COLONIA CENTRO, VERACRUZ, VERACRUZ DE IGNACIO DE LA LLAVE, CP. 91700"
DFIMB002266,Servicios de Salud del Instituto Mexicano del Seguro Social para el Bienestar,IMSS-Bienestar,Ciudad de México,Iztapalapa,HES,Hospital de Especialidades,"Hospital de Especialidades ""Dr. Belisario Domínguez""",1,Tercer Nivel,No aplica,19.3066411,-99.0660984,"AVENIDA TLAHUAC 4866, PUEBLO SAN LORENZO TEZONCO, IZTAPALAPA, CIUDAD DE MEXICO, CP. 09790"
TSIMB002520,Servicios de Salud del Instituto Mexicano del Seguro Social para el Bienestar,IMSS-Bienestar,Tamaulipas,Tampico,HES,Hospital de Especialidades,"Hospital de Especialidades ""Dr. Carlos Canseco""",1,Tercer Nivel,No aplica,22.253176,-97.859497,"AVENIDA EJÉRCTO MEXICANO 1403, COLONIA ALLENDE, TAMPICO, TAMAULIPAS, CP. 89130"
CSIMB003511,Servicios de Salud del Instituto Mexicano del Seguro Social para el Bienestar,IMSS-Bienestar,Chiapas,Tuxtla Gutiérrez,HES,Hospital de Especialidades,Hospital de Especialidades Pediátricas,1,Tercer Nivel,No aplica,16.75066,-93.07805,"BOULEVARD SS JUAN PABLO II SIN NÚMERO, COLONIA CASTILLO TIELMANS, TUXTLA GUTIERREZ, CHIAPAS, CP. 29070"
PLIMB005205,Servicios de Salud del Instituto Mexicano del Seguro Social para el Bienestar,IMSS-Bienestar,Puebla,San Andrés Cholula,H,Hospital,Hospital de la Niñez Poblana,1,Segundo Nivel,No aplica,19.03501,-98.24439,"BOULEVARD DEL NIÑO POBLANO 5307, COLONIA CONCEPCIÓN LA CRUZ, SAN ANDRES CHOLULA, PUEBLA, CP. 72836"
PLIMB001780,Servicios de Salud del Instituto Mexicano del Seguro Social para el Bienestar,IMSS-Bienestar,Puebla,Puebla,HG,Hospital General,"Hospital General ""Dr. Eduardo Vázquez N.""",1,Tercer Nivel,No aplica,18.9862587,-98.2421342,"CALLE ANTIGUO CAMINO A GUADALUPE HIDALGO 11350, UNIDAD HABITACIONAL INFONAVIT AGUA SANTA, PUEBLA, PUEBLA, CP. 72490"
MNIMB003590,Servicios de Salud del Instituto Mexicano del Seguro Social para el Bienestar,IMSS-Bienestar,Michoacán,Morelia,HG,Hospital General,"Hospital General ""Dr. Miguel Silva""",1,Tercer Nivel,No aplica,19.731491,-101.105271,"BOULEVARD BOSQUES DE EUCALIPTO SIN NÚMERO, EJIDO EJIDO ATAPANEO, MORELIA, MICHOACAN DE OCAMPO, CP. 58253"
TSIMB001955,Servicios de Salud del Instituto Mexicano del Seguro Social para el Bienestar,IMSS-Bienestar,Tamaulipas,Victoria,HG,Hospital General,"Hospital General ""Dr. Norberto Treviño Zapata""",1,Tercer Nivel,No aplica,23.748326,-99.137855,"BOULEVARD FIDEL VELÁZQUEZ 1845, COLONIA REVOLUCIÓN VERDE, VICTORIA, TAMAULIPAS, CP. 87024"
GRIMB008926,Servicios de Salud del Instituto Mexicano del Seguro Social para el Bienestar,IMSS-Bienestar,Guerrero,Acapulco de Juárez,HG,Hospital General,Hospital General de Acapulco,1,Segundo Nivel,No aplica,16.930872,-99.82064,"CARRETERA FEDERAL MEXICO ACAPULCO LOTE 1-2 SIN NÚMERO, COLONIA SECCION LOS ORGANOS, ACAPULCO DE JUAREZ, GUERRERO, CP. 39901"
QRIMB001973,Servicios de Salud del Instituto Mexicano del Seguro Social para el Bienestar,IMSS-Bienestar,Quintana Roo,Benito Juárez,HG,Hospital General,"Hospital General de Cancún ""Dr. Jesús Kumate Rodríguez""",1,Segundo Nivel,No aplica,21.19531,-86.87687,"AVENIDA ARCO NORTE 1110-19, FRACCIONAMIENTO VILLAS DEL MAR , BENITO JUAREZ, QUINTANA ROO, CP. 77517"
SLIMB000014,Servicios de Salud del Instituto Mexicano del Seguro Social para el Bienestar,IMSS-Bienestar,Sinaloa,Culiacán,HG,Hospital General,Hospital General de Culiacán,1,Tercer Nivel,No aplica,24.7942929,-107.3866778,"BOULEVARD PASEO DE TAMAZULA SIN NÚMERO, COLONIA LA LIMITA DE ITAJE, CULIACAN, SINALOA, CP. 80064"
CCIMB001526,Servicios de Salud del Instituto Mexicano del Seguro Social para el Bienestar,IMSS-Bienestar,Campeche,Campeche,HGE,Hospital General de Especialidades,"Hospital General de Especialidades ""Dr. Javier Buenfil Osorio""",1,Tercer Nivel,No aplica,19.815162,-90.523917,"CALLE LÁZARO CÁRDENAS  208, COLONIA LAS FLORES, CAMPECHE, CAMPECHE, CP. 24097"
BSIMB000672,Servicios de Salud del Instituto Mexicano del Seguro Social para el Bienestar,IMSS-Bienestar,Baja California Sur,La Paz,HGE,Hospital General de Especialidades,"Hospital General de Especialidades ""Juan María Salvatierra""",1,Segundo Nivel,No aplica,24.113297,-110.318457,"AVENIDA DE LOS DEPORTISTAS 5115, COLONIA 8 DE OCTUBRE II SECCION, LA PAZ, BAJA CALIFORNIA SUR, CP. 23085"
BCIMB000355,Servicios de Salud del Instituto Mexicano del Seguro Social para el Bienestar,IMSS-Bienestar,Baja California,Mexicali,HG,Hospital General,Hospital General de Mexicali,1,Segundo Nivel,No aplica,32.64480265,-115.4756079,"CALLE DEL HOSPITAL  SIN NÚMERO, COLONIA CENTRO CÍVICO Y, MEXICALI, BAJA CALIFORNIA, CP. 21000"
HGIMB002304,Servicios de Salud del Instituto Mexicano del Seguro Social para el Bienestar,IMSS-Bienestar,Hidalgo,Pachuca de Soto,HG,Hospital General,Hospital General de Pachuca,1,Tercer Nivel,No aplica,20.11376,-98.72286,"CARRETERA PACHUCA - TULANCINGO 101, COLONIA CIUDAD DE LOS NIÑOS, PACHUCA DE SOTO, HIDALGO, CP. 42070"
ZSIMB002481,Servicios de Salud del Instituto Mexicano del Seguro Social para el Bienestar,IMSS-Bienestar,Zacatecas,Zacatecas,HG,Hospital General,"Hospital General de Zacatecas ""Luz González Cosío""",1,Segundo Nivel,No aplica,22.778268,-102.619871,"CALLE CIRCUITO 410, FRACCIONAMIENTO CIUDAD GOBIERNO, ZACATECAS, ZACATECAS, CP. 98160"
SRIMB002203,Servicios de Salud del Instituto Mexicano del Seguro Social para el Bienestar,IMSS-Bienestar,Sonora,Hermosillo,HG,Hospital General,Hospital General del Estado de Sonora,1,Tercer Nivel,No aplica,29.08175,-111.003861,"BOULEVARD LUIS DONALDO COLOSIO MURRIETA SIN NÚMERO, COLONIA LAS QUINTAS, HERMOSILLO, SONORA, CP. 83240"
TSIMB002865,Servicios de Salud del Instituto Mexicano del Seguro Social para el Bienestar,IMSS-Bienestar,Tamaulipas,Victoria,HRAE,Hospital Regional de Alta Especialidad,"Hospital Regional de Alta Especialidad ""Bicentenario 2010""",1,Tercer Nivel,No aplica,23.761924,-99.107735,"LIBRAMIENTO GUADALUPE VICTORIA SIN NÚMERO, COLONIA AREA DE PAJARITOS, VICTORIA, TAMAULIPAS, CP. 87087"
CSIMB003506,Servicios de Salud del Instituto Mexicano del Seguro Social para el Bienestar,IMSS-Bienestar,Chiapas,Tapachula,HRAE,Hospital Regional de Alta Especialidad,"Hospital Regional de Alta Especialidad ""Ciudad Salud""",1,Tercer Nivel,No aplica,14.80958302,-92.34737813,"CARRETERA TAPACHULA - PUERTO MADERO  SIN NÚMERO, COLONIA LOS TOROS, TAPACHULA, CHIAPAS, CP. 30830"
TCIMB000786,Servicios de Salud del Instituto Mexicano del Seguro Social para el Bienestar,IMSS-Bienestar,Tabasco,Centro,HRAE,Hospital Regional de Alta Especialidad,"Hospital Regional de Alta Especialidad ""Dr. Gustavo A. Rovirosa Pérez""",1,Segundo Nivel,No aplica,18.0124021,-92.9242407,"CALLE 3 SIN NÚMERO, COLONIA EL RECREO, CENTRO, TABASCO, CP. 86020"
TCIMB000791,Servicios de Salud del Instituto Mexicano del Seguro Social para el Bienestar,IMSS-Bienestar,Tabasco,Centro,HRAE,Hospital Regional de Alta Especialidad,"Hospital Regional de Alta Especialidad ""Dr. Juan Graham Casasús""",1,Tercer Nivel,No aplica,17.97761332,-92.9860788,"CARRETERA VILLAHERMOSA-LA ISLA KM 1.5 SIN NÚMERO, COLONIA MIGUEL HIDALGO, CENTRO, TABASCO, CP. 86127"
YNIMB000012,Servicios de Salud del Instituto Mexicano del Seguro Social para el Bienestar,IMSS-Bienestar,Yucatán,Mérida,HRAE,Hospital Regional de Alta Especialidad,Hospital Regional de Alta Especialidad de la Península de Yucatán,1,Tercer Nivel,No aplica,21.0193421,-89.5819034,"CALLE 7 433, FRACCIONAMIENTO ALTABRISA, MERIDA, YUCATAN, CP. 97130"
GTIMB000015,Servicios de Salud del Instituto Mexicano del Seguro Social para el Bienestar,IMSS-Bienestar,Guanajuato,León,HRAE,Hospital Regional de Alta Especialidad,Hospital Regional de Alta Especialidad del Bajío,1,Tercer Nivel,No aplica,21.0613651,-101.5767015,"BOULEVARD MILENIO 130, COLONIA SAN CARLOS LA RONCHA, LEON, GUANAJUATO, CP. 37544"
TCIMB000774,Servicios de Salud del Instituto Mexicano del Seguro Social para el Bienestar,IMSS-Bienestar,Tabasco,Centro,HRAE,Hospital Regional de Alta Especialidad,"Hospital Regional de Alta Especialidad del Niño ""Dr. Rodolfo Nieto Padrón""",1,Tercer Nivel,No aplica,17.97715,-92.95287,"AVENIDA CORONEL GREGORIO MENDEZ MAGAÑA 2820, COLONIA ATASTA DE SERRA, CENTRO, TABASCO, CP. 86100"
VZIMB003766,Servicios de Salud del Instituto Mexicano del Seguro Social para el Bienestar,IMSS-Bienestar,Veracruz,Poza Rica de Hidalgo,HR,Hospital Regional,Hospital Regional de Poza Rica,1,Segundo Nivel,No aplica,20.55418,-97.43901,"CALLE DE LAS FLORES SIN NÚMERO, COLONIA LAS VEGAS, POZA RICA DE HIDALGO, VERACRUZ DE IGNACIO DE LA LLAVE, CP. 93210"
VZIMB002342,Servicios de Salud del Instituto Mexicano del Seguro Social para el Bienestar,IMSS-Bienestar,Veracruz,Xalapa,HR,Hospital Regional,"Hospital Regional de Xalapa ""Dr. Luis F. Nachón""",1,Tercer Nivel,No aplica,19.525544,-96.921021,"CALLE PEDRO RENDON 1, COLONIA CENTRO, XALAPA, VERACRUZ DE IGNACIO DE LA LLAVE, CP. 91000"
PENDIENTE,Servicios de Salud del Instituto Mexicano del Seguro Social para el Bienestar,IMSS-Bienestar,Tlaxcala,,UNEME,Unidad de Especialidades Médicas,Unidad de Especialidades Médicas de Hemodinamia,1,Segundo Nivel,No aplica,19.3685185,-98.2174945,PENDIENTE
ASSSA001331,Servicios Estatales de Salud,SESA,Aguascalientes,Aguascalientes,H,Hospital,Centenario Hospital Miguel Hidalgo,1,Tercer Nivel,No aplica,21.8947,-102.2831,"AVENIDA GOMEZ MORIN SIN NUMERO, BARRIO LA ESTACIÓN, AGUASCALIENTES, AGUASCALIENTES, CP. 20259"
CLHUN000015,Servicios Médicos Universitarios,SMU,Coahuila,Saltillo,HU,Hospital Universitario,Hospital Universitario de Saltillo,1,Segundo Nivel,No aplica,25.427755,-101.014095,"CALLE FRANCISCO I. MADERO SIN NUMERO, COLONIA SALTILLO ZONA CENTRO, SALTILLO, COAHUILA DE ZARAGOZA, CP. 25000"
NLHUN000014,Servicios Médicos Universitarios,SMU,Nuevo León,Monterrey,HU,Hospital Universitario,Hospital Universitario Dr. José Eleuterio González,1,tercer nivel,No aplica,25.6893674,-100.3512226,"AVENIDA FRANCISCO I. MADERO Y GONZALITOS SIN NUMERO, COLONIA MITRAS CENTRO, MONTERREY, NUEVO LEON, CP. 64450"
NLSME000012,Sindicato Nacional de Trabajadores de la Educación,SNTE,Nuevo León,Monterrey,H,Hospital,Hospital de los Maestros SNTE Sección 50,1,Segundo Nivel,No aplica,25.7096198,-100.3480079,"CALLE TUXPAN 400, COLONIA MITRAS NORTE, MONTERREY, NUEVO LEON, CP. 64320"
